"Name","Id","StartTime","PagedMemorySize"
"chrome","1424","28.01.2024 22:07:53","116461568"
"chrome","1580","01.02.2024 09:14:34","142823424"
"chrome","2068","28.01.2024 16:40:40","78151680"
"chrome","3064","28.01.2024 11:51:16","313294848"
"chrome","3108","30.01.2024 21:31:29","83558400"
"chrome","4032","28.01.2024 11:51:07","485330944"
"chrome","5712","01.02.2024 09:49:02","28585984"
"chrome","5768","30.01.2024 21:31:43","58937344"
"chrome","6440","28.01.2024 11:51:07","20889600"
"chrome","7912","28.01.2024 11:51:07","595152896"
"chrome","8116","28.01.2024 22:31:51","68702208"
"chrome","8160","30.01.2024 21:29:02","29855744"
"chrome","8380","28.01.2024 11:51:07","55631872"
"chrome","8676","28.01.2024 18:29:02","172257280"
